fire,date,area_ha,year,area_cum,growth_ha,days_since_prev,growth_ha_per_day
7440 GREENWATER,2006-09-10,78.1433224988596,2000,78.1433224988596,78.1433224988596,,78.1433224988596
AMERICAN,2017-09-19,1556.84814935531,2000,1556.84814935531,1556.84814935531,,1556.84814935531
BOULDER CREEK,2012-02-09,24.8184669709992,2000,24.8184669709992,24.8184669709992,,24.8184669709992
CARBON COPY,2006-08-31,111.192853634593,2000,111.192853634593,111.192853634593,,111.192853634593
CLEAR FORK,2018-09-09,48.9844887115915,2000,48.9844887115915,48.9844887115915,,48.9844887115915
CROW CREEK,2007-08-06,46.3725942006583,2000,46.3725942006583,46.3725942006583,,46.3725942006583
FAN LAKE,2018-08-24,5.90096192378478,2000,5.90096192378478,5.90096192378478,,5.90096192378478
FATHERS DAY,2008-11-20,8.29163464538362,2000,8.29163464538362,8.29163464538362,,8.29163464538362
GOAT,2014-09-17,2.1979852490047,2000,2.1979852490047,2.1979852490047,,2.1979852490047
LOST LAKE,2011-07-21,105.121733719976,2000,105.121733719976,105.121733719976,,105.121733719976
LOST RIDGE,2014-08-20,24.9645623459503,2000,24.9645623459503,24.9645623459503,,24.9645623459503
MEEKS TABLE,2015-09-20,37.8821926762552,2000,37.8821926762552,37.8821926762552,,37.8821926762552
MIRIAM,2018-09-09,2135.95922901383,2000,2135.95922901383,2135.95922901383,,2135.95922901383
NORSE PEAK,2017-09-19,20713.0130149096,2000,20713.0130149096,20713.0130149096,,20713.0130149096
RATTLESNAKE PEAK,2004-08-16,259.64118987761,2000,259.64118987761,259.64118987761,,259.64118987761
SAWMILL CREEK,2017-09-19,42.292469076885,2000,42.292469076885,42.292469076885,,42.292469076885
TWIN PEAKS,2010-02-07,267.985296597099,2000,267.985296597099,267.985296597099,,267.985296597099
UNION CREEK,2017-08-27,143.541796921966,2000,143.541796921966,143.541796921966,,143.541796921966
WRONG CREEK,2018-09-09,166.45578177256,2000,166.45578177256,166.45578177256,,166.45578177256
DOG CREEK,2001-12-30,227.059019636198,2001,227.059019636198,227.059019636198,,227.059019636198
000096,2011-07-21,105.121732153188,2003,105.121732153188,105.121732153188,,105.121732153188
000553,2004-08-11,224.116005340505,2004,224.116005340505,224.116005340505,,224.116005340505
000553,2004-08-16,259.641189728574,2004,259.641189728574,35.5251843880694,5,7.10503687761388
000553,2011-07-26,304.668579933103,2004,304.668579933103,45.0273902045287,2535,0.0177622841043506
7440 GREENWATER,2006-09-07,80.1612517092433,2006,80.1612517092433,80.1612517092433,,80.1612517092433
7440 GREENWATER,2006-09-08,88.6413849885302,2006,88.6413849885302,8.48013327928695,1,8.48013327928695
7440 GREENWATER,2006-09-10,78.1433204001306,2006,88.6413849885302,0,2,0
CARBON COPY,2006-08-22,65.246161303265,2006,65.246161303265,65.246161303265,,65.246161303265
CARBON COPY,2006-08-24,61.8835237448115,2006,65.246161303265,0,2,0
CARBON COPY,2006-08-28,111.650462304854,2006,111.650462304854,46.4043010015893,4,11.6010752503973
CARBON COPY,2006-08-31,111.192853728567,2006,111.650462304854,0,3,0
CROW CREEK,2007-08-04,32.7730540424863,2007,32.7730540424863,32.7730540424863,,32.7730540424863
CROW CREEK,2007-08-06,46.3725952218568,2007,46.3725952218568,13.5995411793704,2,6.79977058968522
LANGILLE,2009-07-30,11.0208181375802,2009,11.0208181375802,11.0208181375802,,11.0208181375802
TWIN PEAKS,2010-02-07,267.985296597099,2009,267.985296597099,267.985296597099,,267.985296597099
000444,2010-10-20,24.8184640481535,2010,24.8184640481535,24.8184640481535,,24.8184640481535
000444,2010-12-01,3998.99139782903,2010,3998.99139782903,3974.17293378088,42,94.6231650900208
000444,2012-02-09,24.818465521206,2010,3998.99139782903,0,435,0
YAKIMA COMPLEX,2012-09-19,18.3864153812461,2012,18.3864153812461,18.3864153812461,,18.3864153812461
YAKIMA COMPLEX,2012-09-23,61.9057140702775,2012,61.9057140702775,43.5192986890314,4,10.8798246722578
GOAT,2014-09-08,1.04193006991614,2014,1.04193006991614,1.04193006991614,,1.04193006991614
GOAT,2014-09-17,2.19798566020466,2014,2.19798566020466,1.15605559028853,9,0.12845062114317
LOST RIDGE,2014-08-13,104.518679017185,2014,104.518679017185,104.518679017185,,104.518679017185
LOST RIDGE,2014-08-20,24.9645636030309,2014,104.518679017185,0,7,0
MEEKS TABLE,2015-09-13,17.8359186921127,2015,17.8359186921127,17.8359186921127,,17.8359186921127
MEEKS TABLE,2015-09-14,29.4233412093445,2015,29.4233412093445,11.5874225172318,1,11.5874225172318
MEEKS TABLE,2015-09-15,25.592604392841,2015,29.4233412093445,0,1,0
MEEKS TABLE,2015-09-16,25.5664668848659,2015,29.4233412093445,0,1,0
MEEKS TABLE,2015-09-17,25.566466063717,2015,29.4233412093445,0,1,0
MEEKS TABLE,2015-09-20,37.8821908775935,2015,37.8821908775935,8.45884966824897,3,2.81961655608299
MEEKS TABLE,2015-09-21,25.6225365313829,2015,37.8821908775935,0,1,0
AMERICAN,2017-08-27,91.743716871914,2017,91.743716871914,91.743716871914,,91.743716871914
AMERICAN,2017-08-28,115.384978570315,2017,115.384978570315,23.6412616984009,1,23.6412616984009
AMERICAN,2017-08-29,123.844045805008,2017,123.844045805008,8.45906723469261,1,8.45906723469261
AMERICAN,2017-08-30,125.87124725726,2017,125.87124725726,2.02720145225227,1,2.02720145225227
AMERICAN,2017-08-31,131.97188317171,2017,131.97188317171,6.10063591445015,1,6.10063591445015
AMERICAN,2017-09-04,143.547752435606,2017,143.547752435606,11.5758692638958,4,2.89396731597394
AMERICAN,2017-09-05,534.308733614023,2017,534.308733614023,390.760981178417,1,390.760981178417
AMERICAN,2017-09-06,586.720503209067,2017,586.720503209067,52.411769595044,1,52.411769595044
AMERICAN,2017-09-08,800.65333288931,2017,800.65333288931,213.932829680244,2,106.966414840122
AMERICAN,2017-09-10,1062.08424993016,2017,1062.08424993016,261.430917040848,2,130.715458520424
AMERICAN,2017-09-11,1220.39373535727,2017,1220.39373535727,158.309485427112,1,158.309485427112
AMERICAN,2017-09-13,1183.60745703209,2017,1220.39373535727,0,2,0
AMERICAN,2017-09-14,1510.86371846222,2017,1510.86371846222,290.469983104954,1,290.469983104954
AMERICAN,2017-09-15,1557.17697503331,2017,1557.17697503331,46.3132565710828,1,46.3132565710828
AMERICAN,2017-09-17,1556.51269361344,2017,1557.17697503331,0,2,0
AMERICAN,2017-09-19,1556.84814935531,2017,1557.17697503331,0,2,0
AMERICAN,2017-12-19,7.08858100576898,2017,1557.17697503331,0,91,0
NORSE PEAK,2017-08-13,829.392012403447,2017,829.392012403447,829.392012403447,,829.392012403447
NORSE PEAK,2017-08-18,473.459776752877,2017,829.392012403447,0,5,0
NORSE PEAK,2017-08-19,601.933138142946,2017,829.392012403447,0,1,0
NORSE PEAK,2017-08-20,612.610739573783,2017,829.392012403447,0,1,0
NORSE PEAK,2017-08-21,705.111913608555,2017,829.392012403447,0,1,0
NORSE PEAK,2017-08-22,793.373140650399,2017,829.392012403447,0,1,0
NORSE PEAK,2017-08-24,839.535927184341,2017,839.535927184341,10.143914780894,2,5.07195739044698
NORSE PEAK,2017-08-27,903.020182229227,2017,903.020182229227,63.4842550448865,3,21.1614183482955
NORSE PEAK,2017-08-28,2280.59122600284,2017,2280.59122600284,1377.57104377362,1,1377.57104377362
NORSE PEAK,2017-08-29,5276.07799802623,2017,5276.07799802623,2995.48677202339,1,2995.48677202339
NORSE PEAK,2017-08-30,5470.26311374694,2017,5470.26311374694,194.185115720713,1,194.185115720713
NORSE PEAK,2017-08-31,6104.39956456233,2017,6104.39956456233,634.136450815383,1,634.136450815383
NORSE PEAK,2017-09-01,6589.270931957,2017,6589.270931957,484.871367394677,1,484.871367394677
NORSE PEAK,2017-09-02,6999.20307446734,2017,6999.20307446734,409.932142510341,1,409.932142510341
NORSE PEAK,2017-09-03,6999.20326437763,2017,6999.20326437763,0.000189910284461803,1,0.000189910284461803
NORSE PEAK,2017-09-04,6940.85770977332,2017,6999.20326437763,0,1,0
NORSE PEAK,2017-09-05,17383.7618408131,2017,17383.7618408131,10384.5585764355,1,10384.5585764355
NORSE PEAK,2017-09-06,18132.5660081877,2017,18132.5660081877,748.804167374561,1,748.804167374561
NORSE PEAK,2017-09-08,18160.7864328257,2017,18160.7864328257,28.2204246380788,2,14.1102123190394
NORSE PEAK,2017-09-10,20739.327747048,2017,20739.327747048,2578.54131422224,2,1289.27065711112
NORSE PEAK,2017-09-11,20871.9946315435,2017,20871.9946315435,132.66688449552,1,132.66688449552
NORSE PEAK,2017-09-13,20787.0576910131,2017,20871.9946315435,0,2,0
NORSE PEAK,2017-09-14,20787.3024580489,2017,20871.9946315435,0,1,0
NORSE PEAK,2017-09-15,20813.7903452113,2017,20871.9946315435,0,1,0
NORSE PEAK,2017-09-17,20813.2602240474,2017,20871.9946315435,0,2,0
NORSE PEAK,2017-09-19,20713.0130149096,2017,20871.9946315435,0,2,0
SAWMILL CREEK,2017-09-06,30.5816548987522,2017,30.5816548987522,30.5816548987522,,30.5816548987522
SAWMILL CREEK,2017-09-10,36.0325485442523,2017,36.0325485442523,5.45089364550016,4,1.36272341137504
SAWMILL CREEK,2017-09-13,41.0770095920574,2017,41.0770095920574,5.04446104780506,3,1.68148701593502
SAWMILL CREEK,2017-09-14,42.0007931263493,2017,42.0007931263493,0.92378353429195,1,0.92378353429195
SAWMILL CREEK,2017-09-15,42.2896781616079,2017,42.2896781616079,0.288885035258531,1,0.288885035258531
SAWMILL CREEK,2017-09-17,42.2924656829618,2017,42.2924656829618,0.00278752135396587,2,0.00139376067698294
SAWMILL CREEK,2017-09-19,42.292469076885,2017,42.292469076885,3.3939232153557e-06,2,1.69696160767785e-06
SURVEY,2017-08-27,14.2849729067421,2017,14.2849729067421,14.2849729067421,,14.2849729067421
UNION CREEK,2017-08-27,143.541796921966,2017,143.541796921966,143.541796921966,,143.541796921966
CLEAR FORK,2018-08-09,2.86011349442033,2018,2.86011349442033,2.86011349442033,,2.86011349442033
CLEAR FORK,2018-08-10,3.18515219081713,2018,3.18515219081713,0.325038696396796,1,0.325038696396796
CLEAR FORK,2018-08-13,2.86011348662386,2018,3.18515219081713,0,3,0
CLEAR FORK,2018-08-18,8.09442504141821,2018,8.09442504141821,4.90927285060108,5,0.981854570120217
CLEAR FORK,2018-08-20,10.9910023406171,2018,10.9910023406171,2.89657729919892,2,1.44828864959946
CLEAR FORK,2018-08-21,13.7857665044405,2018,13.7857665044405,2.79476416382336,1,2.79476416382336
CLEAR FORK,2018-08-22,19.1755207087128,2018,19.1755207087128,5.38975420427232,1,5.38975420427232
CLEAR FORK,2018-08-23,20.5075277881782,2018,20.5075277881782,1.33200707946536,1,1.33200707946536
CLEAR FORK,2018-08-24,23.5930433947118,2018,23.5930433947118,3.08551560653363,1,3.08551560653363
CLEAR FORK,2018-08-27,26.2815241893402,2018,26.2815241893402,2.68848079462844,3,0.896160264876148
CLEAR FORK,2018-08-28,26.281522192325,2018,26.2815241893402,0,1,0
CLEAR FORK,2018-08-29,29.9288054482514,2018,29.9288054482514,3.64728125891113,1,3.64728125891113
CLEAR FORK,2018-09-07,45.8814195788575,2018,45.8814195788575,15.9526141306062,9,1.77251268117846
CLEAR FORK,2018-09-09,48.9844887115915,2018,48.9844887115915,3.103069132734,2,1.551534566367
FAN LAKE,2018-08-24,5.90096192378478,2018,5.90096192378478,5.90096192378478,,5.90096192378478
MIRIAM,2018-08-03,335.685423222806,2018,335.685423222806,335.685423222806,,335.685423222806
MIRIAM,2018-08-04,416.142316431681,2018,416.142316431681,80.4568932088755,1,80.4568932088755
MIRIAM,2018-08-05,443.842141123322,2018,443.842141123322,27.699824691641,1,27.699824691641
MIRIAM,2018-08-06,440.88452041501,2018,443.842141123322,0,1,0
MIRIAM,2018-08-07,499.568484122985,2018,499.568484122985,55.7263429996629,1,55.7263429996629
MIRIAM,2018-08-08,783.226348260811,2018,783.226348260811,283.657864137826,1,283.657864137826
MIRIAM,2018-08-09,858.441841607528,2018,858.441841607528,75.2154933467166,1,75.2154933467166
MIRIAM,2018-08-10,899.053827843141,2018,899.053827843141,40.6119862356136,1,40.6119862356136
MIRIAM,2018-08-11,899.159331372045,2018,899.159331372045,0.105503528904364,1,0.105503528904364
MIRIAM,2018-08-13,899.159331371946,2018,899.159331372045,0,2,0
MIRIAM,2018-08-14,950.541545396347,2018,950.541545396347,51.3822140243011,1,51.3822140243011
MIRIAM,2018-08-15,1067.65753812668,2018,1067.65753812668,117.11599273033,1,117.11599273033
MIRIAM,2018-08-16,1070.48234340151,2018,1070.48234340151,2.82480527483199,1,2.82480527483199
MIRIAM,2018-08-17,1070.48234340179,2018,1070.48234340179,2.8421709430404e-10,1,2.8421709430404e-10
MIRIAM,2018-08-18,1195.87877085509,2018,1195.87877085509,125.396427453293,1,125.396427453293
MIRIAM,2018-08-19,1266.28207537451,2018,1266.28207537451,70.4033045194203,1,70.4033045194203
MIRIAM,2018-08-20,1375.59439011839,2018,1375.59439011839,109.312314743885,1,109.312314743885
MIRIAM,2018-08-21,1455.46938571971,2018,1455.46938571971,79.8749956013228,1,79.8749956013228
MIRIAM,2018-08-22,1619.04082631909,2018,1619.04082631909,163.571440599373,1,163.571440599373
MIRIAM,2018-08-23,1667.13409214498,2018,1667.13409214498,48.0932658258964,1,48.0932658258964
MIRIAM,2018-08-24,1700.06470622413,2018,1700.06470622413,32.9306140791466,1,32.9306140791466
MIRIAM,2018-08-27,1742.9810074902,2018,1742.9810074902,42.9163012660667,3,14.3054337553556
MIRIAM,2018-08-28,1742.68515054777,2018,1742.9810074902,0,1,0
MIRIAM,2018-08-29,1842.8034734518,2018,1842.8034734518,99.8224659616001,1,99.8224659616001
MIRIAM,2018-08-30,1841.75936447767,2018,1842.8034734518,0,1,0
MIRIAM,2018-09-07,2009.74258857928,2018,2009.74258857928,166.939115127487,8,20.8673893909359
MIRIAM,2018-09-09,2135.95922901383,2018,2135.95922901383,126.216640434547,2,63.1083202172737
WRONG CREEK,2018-07-26,0.66534132205965,2018,0.66534132205965,0.66534132205965,,0.66534132205965
WRONG CREEK,2018-07-28,2.87085613456354,2018,2.87085613456354,2.20551481250389,2,1.10275740625195
WRONG CREEK,2018-07-30,15.8124820527308,2018,15.8124820527308,12.9416259181672,2,6.47081295908361
WRONG CREEK,2018-08-04,18.7304969712413,2018,18.7304969712413,2.91801491851052,5,0.583602983702104
WRONG CREEK,2018-08-11,30.7826248854674,2018,30.7826248854674,12.0521279142262,7,1.72173255917516
WRONG CREEK,2018-08-20,47.546390530188,2018,47.546390530188,16.7637656447206,9,1.86264062719117
WRONG CREEK,2018-08-23,52.8816014580253,2018,52.8816014580253,5.33521092783725,3,1.77840364261242
WRONG CREEK,2018-08-28,64.637430645781,2018,64.637430645781,11.7558291877558,5,2.35116583755115
WRONG CREEK,2018-09-01,82.025604072748,2018,82.025604072748,17.388173426967,4,4.34704335674176
WRONG CREEK,2018-09-04,82.2549059254494,2018,82.2549059254494,0.229301852701312,3,0.0764339509004373
WRONG CREEK,2018-09-05,82.0253465911473,2018,82.2549059254494,0,1,0
WRONG CREEK,2018-09-09,166.45578177256,2018,166.45578177256,84.2008758471106,4,21.0502189617777
